Vehicle_ID,Brand,Model,Trim,Segment,Fuel_Type,Transmission,Engine_CC,Manufacturing_Year,Default_Color
V1001,Toyota,Corolla,Base,Sedan,Petrol,Automatic,1496,2017,White
V1002,Toyota,Corolla,Base,Sedan,Petrol,Automatic,1496,2018,Blue
V1003,Toyota,Corolla,Base,Sedan,Petrol,Automatic,1496,2019,Red
V1004,Toyota,Corolla,Base,Sedan,Petrol,Automatic,1496,2020,Grey
V1005,Toyota,Corolla,Mid,Sedan,Petrol,Automatic,1496,2017,Grey
V1006,Toyota,Corolla,Mid,Sedan,Petrol,Automatic,1496,2018,Brown
V1007,Toyota,Corolla,Mid,Sedan,Petrol,Automatic,1496,2019,White
V1008,Toyota,Corolla,Mid,Sedan,Petrol,Automatic,1496,2020,Red
V1009,Toyota,Corolla,Sport,Sedan,Petrol,Automatic,1496,2017,Black
V1010,Toyota,Corolla,Sport,Sedan,Petrol,Automatic,1496,2018,White
V1011,Toyota,Corolla,Sport,Sedan,Petrol,Automatic,1496,2019,Grey
V1012,Toyota,Corolla,Sport,Sedan,Petrol,Automatic,1496,2020,Brown
V1013,Toyota,Corolla,Premium,Sedan,Petrol,Automatic,1496,2017,Blue
V1014,Toyota,Corolla,Premium,Sedan,Petrol,Automatic,1496,2018,Blue
V1015,Toyota,Corolla,Premium,Sedan,Petrol,Automatic,1496,2019,Blue
V1016,Toyota,Corolla,Premium,Sedan,Petrol,Automatic,1496,2020,Blue
V1017,Toyota,Corolla,Limited,Sedan,Petrol,Automatic,1496,2017,Grey
V1018,Toyota,Corolla,Limited,Sedan,Petrol,Automatic,1496,2018,White
V1019,Toyota,Corolla,Limited,Sedan,Petrol,Automatic,1496,2019,Blue
V1020,Toyota,Corolla,Limited,Sedan,Petrol,Automatic,1496,2020,Grey
V1021,Toyota,Camry,Base,Sedan,Hybrid,Automatic,2487,2019,Grey
V1022,Toyota,Camry,Base,Sedan,Hybrid,Automatic,2487,2020,Silver
V1023,Toyota,Camry,Base,Sedan,Hybrid,Automatic,2487,2021,Black
V1024,Toyota,Camry,Base,Sedan,Hybrid,Automatic,2487,2022,Brown
V1025,Toyota,Camry,Mid,Sedan,Hybrid,Automatic,2487,2019,Blue
V1026,Toyota,Camry,Mid,Sedan,Hybrid,Automatic,2487,2020,Red
V1027,Toyota,Camry,Mid,Sedan,Hybrid,Automatic,2487,2021,Silver
V1028,Toyota,Camry,Mid,Sedan,Hybrid,Automatic,2487,2022,Blue
V1029,Toyota,Camry,Sport,Sedan,Hybrid,Automatic,2487,2019,Grey
V1030,Toyota,Camry,Sport,Sedan,Hybrid,Automatic,2487,2020,Grey
V1031,Toyota,Camry,Sport,Sedan,Hybrid,Automatic,2487,2021,Grey
V1032,Toyota,Camry,Sport,Sedan,Hybrid,Automatic,2487,2022,Black
V1033,Toyota,Camry,Premium,Sedan,Hybrid,Automatic,2487,2019,White
V1034,Toyota,Camry,Premium,Sedan,Hybrid,Automatic,2487,2020,Grey
V1035,Toyota,Camry,Premium,Sedan,Hybrid,Automatic,2487,2021,Brown
V1036,Toyota,Camry,Premium,Sedan,Hybrid,Automatic,2487,2022,White
V1037,Toyota,Camry,Limited,Sedan,Hybrid,Automatic,2487,2019,Brown
V1038,Toyota,Camry,Limited,Sedan,Hybrid,Automatic,2487,2020,Blue
V1039,Toyota,Camry,Limited,Sedan,Hybrid,Automatic,2487,2021,Black
V1040,Toyota,Camry,Limited,Sedan,Hybrid,Automatic,2487,2022,Red
V1041,Toyota,Fortuner,Base,SUV,Diesel,Automatic,2755,2018,Black
V1042,Toyota,Fortuner,Base,SUV,Diesel,Automatic,2755,2019,Blue
V1043,Toyota,Fortuner,Base,SUV,Diesel,Automatic,2755,2020,Red
V1044,Toyota,Fortuner,Base,SUV,Diesel,Automatic,2755,2021,Silver
V1045,Toyota,Fortuner,Mid,SUV,Diesel,Automatic,2755,2018,White
V1046,Toyota,Fortuner,Mid,SUV,Diesel,Automatic,2755,2019,Brown
V1047,Toyota,Fortuner,Mid,SUV,Diesel,Automatic,2755,2020,Grey
V1048,Toyota,Fortuner,Mid,SUV,Diesel,Automatic,2755,2021,Brown
V1049,Toyota,Fortuner,Sport,SUV,Diesel,Automatic,2755,2018,Red
V1050,Toyota,Fortuner,Sport,SUV,Diesel,Automatic,2755,2019,Blue
V1051,Toyota,Fortuner,Sport,SUV,Diesel,Automatic,2755,2020,Blue
V1052,Toyota,Fortuner,Sport,SUV,Diesel,Automatic,2755,2021,Black
V1053,Toyota,Fortuner,Premium,SUV,Diesel,Automatic,2755,2018,Silver
V1054,Toyota,Fortuner,Premium,SUV,Diesel,Automatic,2755,2019,Grey
V1055,Toyota,Fortuner,Premium,SUV,Diesel,Automatic,2755,2020,Grey
V1056,Toyota,Fortuner,Premium,SUV,Diesel,Automatic,2755,2021,White
V1057,Toyota,Fortuner,Limited,SUV,Diesel,Automatic,2755,2018,Grey
V1058,Toyota,Fortuner,Limited,SUV,Diesel,Automatic,2755,2019,Black
V1059,Toyota,Fortuner,Limited,SUV,Diesel,Automatic,2755,2020,Blue
V1060,Toyota,Fortuner,Limited,SUV,Diesel,Automatic,2755,2021,Red
V1061,Toyota,RAV4,Base,SUV,Hybrid,Automatic,2487,2020,Brown
V1062,Toyota,RAV4,Base,SUV,Hybrid,Automatic,2487,2021,Blue
V1063,Toyota,RAV4,Base,SUV,Hybrid,Automatic,2487,2022,Silver
V1064,Toyota,RAV4,Base,SUV,Hybrid,Automatic,2487,2023,Brown
V1065,Toyota,RAV4,Mid,SUV,Hybrid,Automatic,2487,2020,Silver
V1066,Toyota,RAV4,Mid,SUV,Hybrid,Automatic,2487,2021,Silver
V1067,Toyota,RAV4,Mid,SUV,Hybrid,Automatic,2487,2022,Brown
V1068,Toyota,RAV4,Mid,SUV,Hybrid,Automatic,2487,2023,Silver
V1069,Toyota,RAV4,Sport,SUV,Hybrid,Automatic,2487,2020,White
V1070,Toyota,RAV4,Sport,SUV,Hybrid,Automatic,2487,2021,Grey
V1071,Toyota,RAV4,Sport,SUV,Hybrid,Automatic,2487,2022,Blue
V1072,Toyota,RAV4,Sport,SUV,Hybrid,Automatic,2487,2023,Black
V1073,Toyota,RAV4,Premium,SUV,Hybrid,Automatic,2487,2020,Grey
V1074,Toyota,RAV4,Premium,SUV,Hybrid,Automatic,2487,2021,White
V1075,Toyota,RAV4,Premium,SUV,Hybrid,Automatic,2487,2022,Red
V1076,Toyota,RAV4,Premium,SUV,Hybrid,Automatic,2487,2023,Grey
V1077,Toyota,RAV4,Limited,SUV,Hybrid,Automatic,2487,2020,Silver
V1078,Toyota,RAV4,Limited,SUV,Hybrid,Automatic,2487,2021,Black
V1079,Toyota,RAV4,Limited,SUV,Hybrid,Automatic,2487,2022,Grey
V1080,Toyota,RAV4,Limited,SUV,Hybrid,Automatic,2487,2023,Red
V1081,Honda,City,Base,Sedan,Petrol,Manual,1498,2018,Brown
V1082,Honda,City,Base,Sedan,Petrol,Manual,1498,2019,Grey
V1083,Honda,City,Base,Sedan,Petrol,Manual,1498,2020,Black
V1084,Honda,City,Base,Sedan,Petrol,Manual,1498,2021,Blue
V1085,Honda,City,Mid,Sedan,Petrol,Manual,1498,2018,Red
V1086,Honda,City,Mid,Sedan,Petrol,Manual,1498,2019,Red
V1087,Honda,City,Mid,Sedan,Petrol,Manual,1498,2020,White
V1088,Honda,City,Mid,Sedan,Petrol,Manual,1498,2021,Silver
V1089,Honda,City,Sport,Sedan,Petrol,Manual,1498,2018,Blue
V1090,Honda,City,Sport,Sedan,Petrol,Manual,1498,2019,Blue
V1091,Honda,City,Sport,Sedan,Petrol,Manual,1498,2020,Grey
V1092,Honda,City,Sport,Sedan,Petrol,Manual,1498,2021,Blue
V1093,Honda,City,Premium,Sedan,Petrol,Manual,1498,2018,Blue
V1094,Honda,City,Premium,Sedan,Petrol,Manual,1498,2019,Silver
V1095,Honda,City,Premium,Sedan,Petrol,Manual,1498,2020,Brown
V1096,Honda,City,Premium,Sedan,Petrol,Manual,1498,2021,Silver
V1097,Honda,City,Limited,Sedan,Petrol,Manual,1498,2018,Black
V1098,Honda,City,Limited,Sedan,Petrol,Manual,1498,2019,Red
V1099,Honda,City,Limited,Sedan,Petrol,Manual,1498,2020,Red
V1100,Honda,City,Limited,Sedan,Petrol,Manual,1498,2021,White
V1101,Honda,Civic,Base,Sedan,Petrol,Automatic,1799,2019,Blue
V1102,Honda,Civic,Base,Sedan,Petrol,Automatic,1799,2020,Black
V1103,Honda,Civic,Base,Sedan,Petrol,Automatic,1799,2021,Blue
V1104,Honda,Civic,Base,Sedan,Petrol,Automatic,1799,2022,White
V1105,Honda,Civic,Mid,Sedan,Petrol,Automatic,1799,2019,Blue
V1106,Honda,Civic,Mid,Sedan,Petrol,Automatic,1799,2020,Blue
V1107,Honda,Civic,Mid,Sedan,Petrol,Automatic,1799,2021,Blue
V1108,Honda,Civic,Mid,Sedan,Petrol,Automatic,1799,2022,Red
V1109,Honda,Civic,Sport,Sedan,Petrol,Automatic,1799,2019,Grey
V1110,Honda,Civic,Sport,Sedan,Petrol,Automatic,1799,2020,Red
V1111,Honda,Civic,Sport,Sedan,Petrol,Automatic,1799,2021,Black
V1112,Honda,Civic,Sport,Sedan,Petrol,Automatic,1799,2022,Blue
V1113,Honda,Civic,Premium,Sedan,Petrol,Automatic,1799,2019,Grey
V1114,Honda,Civic,Premium,Sedan,Petrol,Automatic,1799,2020,Grey
V1115,Honda,Civic,Premium,Sedan,Petrol,Automatic,1799,2021,Grey
V1116,Honda,Civic,Premium,Sedan,Petrol,Automatic,1799,2022,Grey
V1117,Honda,Civic,Limited,Sedan,Petrol,Automatic,1799,2019,White
V1118,Honda,Civic,Limited,Sedan,Petrol,Automatic,1799,2020,White
V1119,Honda,Civic,Limited,Sedan,Petrol,Automatic,1799,2021,Black
V1120,Honda,Civic,Limited,Sedan,Petrol,Automatic,1799,2022,White
V1121,Honda,CR-V,Base,SUV,Petrol,Automatic,1997,2020,Grey
V1122,Honda,CR-V,Base,SUV,Petrol,Automatic,1997,2021,Red
V1123,Honda,CR-V,Base,SUV,Petrol,Automatic,1997,2022,Red
V1124,Honda,CR-V,Base,SUV,Petrol,Automatic,1997,2023,Grey
V1125,Honda,CR-V,Mid,SUV,Petrol,Automatic,1997,2020,Blue
V1126,Honda,CR-V,Mid,SUV,Petrol,Automatic,1997,2021,Grey
V1127,Honda,CR-V,Mid,SUV,Petrol,Automatic,1997,2022,White
V1128,Honda,CR-V,Mid,SUV,Petrol,Automatic,1997,2023,Blue
V1129,Honda,CR-V,Sport,SUV,Petrol,Automatic,1997,2020,Red
V1130,Honda,CR-V,Sport,SUV,Petrol,Automatic,1997,2021,Red
V1131,Honda,CR-V,Sport,SUV,Petrol,Automatic,1997,2022,Grey
V1132,Honda,CR-V,Sport,SUV,Petrol,Automatic,1997,2023,Grey
V1133,Honda,CR-V,Premium,SUV,Petrol,Automatic,1997,2020,White
V1134,Honda,CR-V,Premium,SUV,Petrol,Automatic,1997,2021,Grey
V1135,Honda,CR-V,Premium,SUV,Petrol,Automatic,1997,2022,Blue
V1136,Honda,CR-V,Premium,SUV,Petrol,Automatic,1997,2023,Silver
V1137,Honda,CR-V,Limited,SUV,Petrol,Automatic,1997,2020,Red
V1138,Honda,CR-V,Limited,SUV,Petrol,Automatic,1997,2021,White
V1139,Honda,CR-V,Limited,SUV,Petrol,Automatic,1997,2022,Silver
V1140,Honda,CR-V,Limited,SUV,Petrol,Automatic,1997,2023,Grey
V1141,Hyundai,Creta,Base,SUV,Petrol,Automatic,1497,2019,Brown
V1142,Hyundai,Creta,Base,SUV,Petrol,Automatic,1497,2020,Black
V1143,Hyundai,Creta,Base,SUV,Petrol,Automatic,1497,2021,Black
V1144,Hyundai,Creta,Base,SUV,Petrol,Automatic,1497,2022,Silver
V1145,Hyundai,Creta,Mid,SUV,Petrol,Automatic,1497,2019,Brown
V1146,Hyundai,Creta,Mid,SUV,Petrol,Automatic,1497,2020,Blue
V1147,Hyundai,Creta,Mid,SUV,Petrol,Automatic,1497,2021,White
V1148,Hyundai,Creta,Mid,SUV,Petrol,Automatic,1497,2022,Black
V1149,Hyundai,Creta,Sport,SUV,Petrol,Automatic,1497,2019,Blue
V1150,Hyundai,Creta,Sport,SUV,Petrol,Automatic,1497,2020,White
V1151,Hyundai,Creta,Sport,SUV,Petrol,Automatic,1497,2021,Blue
V1152,Hyundai,Creta,Sport,SUV,Petrol,Automatic,1497,2022,Black
V1153,Hyundai,Creta,Premium,SUV,Petrol,Automatic,1497,2019,Brown
V1154,Hyundai,Creta,Premium,SUV,Petrol,Automatic,1497,2020,Silver
V1155,Hyundai,Creta,Premium,SUV,Petrol,Automatic,1497,2021,Grey
V1156,Hyundai,Creta,Premium,SUV,Petrol,Automatic,1497,2022,Red
V1157,Hyundai,Creta,Limited,SUV,Petrol,Automatic,1497,2019,White
V1158,Hyundai,Creta,Limited,SUV,Petrol,Automatic,1497,2020,Grey
V1159,Hyundai,Creta,Limited,SUV,Petrol,Automatic,1497,2021,Grey
V1160,Hyundai,Creta,Limited,SUV,Petrol,Automatic,1497,2022,Blue
V1161,Hyundai,Verna,Base,Sedan,Petrol,Manual,1497,2018,Brown
V1162,Hyundai,Verna,Base,Sedan,Petrol,Manual,1497,2019,Red
V1163,Hyundai,Verna,Base,Sedan,Petrol,Manual,1497,2020,Silver
V1164,Hyundai,Verna,Base,Sedan,Petrol,Manual,1497,2021,Silver
V1165,Hyundai,Verna,Mid,Sedan,Petrol,Manual,1497,2018,Silver
V1166,Hyundai,Verna,Mid,Sedan,Petrol,Manual,1497,2019,Blue
V1167,Hyundai,Verna,Mid,Sedan,Petrol,Manual,1497,2020,Silver
V1168,Hyundai,Verna,Mid,Sedan,Petrol,Manual,1497,2021,Black
V1169,Hyundai,Verna,Sport,Sedan,Petrol,Manual,1497,2018,Silver
V1170,Hyundai,Verna,Sport,Sedan,Petrol,Manual,1497,2019,White
V1171,Hyundai,Verna,Sport,Sedan,Petrol,Manual,1497,2020,White
V1172,Hyundai,Verna,Sport,Sedan,Petrol,Manual,1497,2021,White
V1173,Hyundai,Verna,Premium,Sedan,Petrol,Manual,1497,2018,Blue
V1174,Hyundai,Verna,Premium,Sedan,Petrol,Manual,1497,2019,Blue
V1175,Hyundai,Verna,Premium,Sedan,Petrol,Manual,1497,2020,Red
V1176,Hyundai,Verna,Premium,Sedan,Petrol,Manual,1497,2021,Grey
V1177,Hyundai,Verna,Limited,Sedan,Petrol,Manual,1497,2018,Blue
V1178,Hyundai,Verna,Limited,Sedan,Petrol,Manual,1497,2019,Black
V1179,Hyundai,Verna,Limited,Sedan,Petrol,Manual,1497,2020,Brown
V1180,Hyundai,Verna,Limited,Sedan,Petrol,Manual,1497,2021,Grey
V1181,Hyundai,Venue,Base,SUV,Petrol,Manual,1197,2020,Brown
V1182,Hyundai,Venue,Base,SUV,Petrol,Manual,1197,2021,Black
V1183,Hyundai,Venue,Base,SUV,Petrol,Manual,1197,2022,Grey
V1184,Hyundai,Venue,Base,SUV,Petrol,Manual,1197,2023,Red
V1185,Hyundai,Venue,Mid,SUV,Petrol,Manual,1197,2020,Grey
V1186,Hyundai,Venue,Mid,SUV,Petrol,Manual,1197,2021,Grey
V1187,Hyundai,Venue,Mid,SUV,Petrol,Manual,1197,2022,Black
V1188,Hyundai,Venue,Mid,SUV,Petrol,Manual,1197,2023,Silver
V1189,Hyundai,Venue,Sport,SUV,Petrol,Manual,1197,2020,Black
V1190,Hyundai,Venue,Sport,SUV,Petrol,Manual,1197,2021,Silver
V1191,Hyundai,Venue,Sport,SUV,Petrol,Manual,1197,2022,Red
V1192,Hyundai,Venue,Sport,SUV,Petrol,Manual,1197,2023,Red
V1193,Hyundai,Venue,Premium,SUV,Petrol,Manual,1197,2020,Red
V1194,Hyundai,Venue,Premium,SUV,Petrol,Manual,1197,2021,Silver
V1195,Hyundai,Venue,Premium,SUV,Petrol,Manual,1197,2022,Brown
V1196,Hyundai,Venue,Premium,SUV,Petrol,Manual,1197,2023,White
V1197,Hyundai,Venue,Limited,SUV,Petrol,Manual,1197,2020,Silver
V1198,Hyundai,Venue,Limited,SUV,Petrol,Manual,1197,2021,White
V1199,Hyundai,Venue,Limited,SUV,Petrol,Manual,1197,2022,Silver
V1200,Hyundai,Venue,Limited,SUV,Petrol,Manual,1197,2023,Brown
V1201,Hyundai,Tucson,Base,SUV,Diesel,Automatic,1997,2019,Silver
V1202,Hyundai,Tucson,Base,SUV,Diesel,Automatic,1997,2020,Brown
V1203,Hyundai,Tucson,Base,SUV,Diesel,Automatic,1997,2021,Grey
V1204,Hyundai,Tucson,Base,SUV,Diesel,Automatic,1997,2022,Red
V1205,Hyundai,Tucson,Mid,SUV,Diesel,Automatic,1997,2019,Grey
V1206,Hyundai,Tucson,Mid,SUV,Diesel,Automatic,1997,2020,Black
V1207,Hyundai,Tucson,Mid,SUV,Diesel,Automatic,1997,2021,Blue
V1208,Hyundai,Tucson,Mid,SUV,Diesel,Automatic,1997,2022,Brown
V1209,Hyundai,Tucson,Sport,SUV,Diesel,Automatic,1997,2019,Black
V1210,Hyundai,Tucson,Sport,SUV,Diesel,Automatic,1997,2020,Blue
V1211,Hyundai,Tucson,Sport,SUV,Diesel,Automatic,1997,2021,Black
V1212,Hyundai,Tucson,Sport,SUV,Diesel,Automatic,1997,2022,Blue
V1213,Hyundai,Tucson,Premium,SUV,Diesel,Automatic,1997,2019,Blue
V1214,Hyundai,Tucson,Premium,SUV,Diesel,Automatic,1997,2020,Grey
V1215,Hyundai,Tucson,Premium,SUV,Diesel,Automatic,1997,2021,Blue
V1216,Hyundai,Tucson,Premium,SUV,Diesel,Automatic,1997,2022,Black
V1217,Hyundai,Tucson,Limited,SUV,Diesel,Automatic,1997,2019,White
V1218,Hyundai,Tucson,Limited,SUV,Diesel,Automatic,1997,2020,White
V1219,Hyundai,Tucson,Limited,SUV,Diesel,Automatic,1997,2021,Grey
V1220,Hyundai,Tucson,Limited,SUV,Diesel,Automatic,1997,2022,Brown
V1221,Kia,Seltos,Base,SUV,Petrol,Automatic,1497,2020,White
V1222,Kia,Seltos,Base,SUV,Petrol,Automatic,1497,2021,Grey
V1223,Kia,Seltos,Base,SUV,Petrol,Automatic,1497,2022,Red
V1224,Kia,Seltos,Base,SUV,Petrol,Automatic,1497,2023,Black
V1225,Kia,Seltos,Mid,SUV,Petrol,Automatic,1497,2020,Blue
V1226,Kia,Seltos,Mid,SUV,Petrol,Automatic,1497,2021,Silver
V1227,Kia,Seltos,Mid,SUV,Petrol,Automatic,1497,2022,Blue
V1228,Kia,Seltos,Mid,SUV,Petrol,Automatic,1497,2023,Red
V1229,Kia,Seltos,Sport,SUV,Petrol,Automatic,1497,2020,Grey
V1230,Kia,Seltos,Sport,SUV,Petrol,Automatic,1497,2021,Black
V1231,Kia,Seltos,Sport,SUV,Petrol,Automatic,1497,2022,Grey
V1232,Kia,Seltos,Sport,SUV,Petrol,Automatic,1497,2023,Blue
V1233,Kia,Seltos,Premium,SUV,Petrol,Automatic,1497,2020,White
V1234,Kia,Seltos,Premium,SUV,Petrol,Automatic,1497,2021,Blue
V1235,Kia,Seltos,Premium,SUV,Petrol,Automatic,1497,2022,Grey
V1236,Kia,Seltos,Premium,SUV,Petrol,Automatic,1497,2023,Blue
V1237,Kia,Seltos,Limited,SUV,Petrol,Automatic,1497,2020,Red
V1238,Kia,Seltos,Limited,SUV,Petrol,Automatic,1497,2021,Grey
V1239,Kia,Seltos,Limited,SUV,Petrol,Automatic,1497,2022,Silver
V1240,Kia,Seltos,Limited,SUV,Petrol,Automatic,1497,2023,Red
V1241,Kia,Sonet,Base,SUV,Diesel,Manual,1493,2021,White
V1242,Kia,Sonet,Base,SUV,Diesel,Manual,1493,2022,Red
V1243,Kia,Sonet,Base,SUV,Diesel,Manual,1493,2023,White
V1244,Kia,Sonet,Base,SUV,Diesel,Manual,1493,2024,Red
V1245,Kia,Sonet,Mid,SUV,Diesel,Manual,1493,2021,Red
V1246,Kia,Sonet,Mid,SUV,Diesel,Manual,1493,2022,White
V1247,Kia,Sonet,Mid,SUV,Diesel,Manual,1493,2023,Blue
V1248,Kia,Sonet,Mid,SUV,Diesel,Manual,1493,2024,Silver
V1249,Kia,Sonet,Sport,SUV,Diesel,Manual,1493,2021,Blue
V1250,Kia,Sonet,Sport,SUV,Diesel,Manual,1493,2022,White
V1251,Kia,Sonet,Sport,SUV,Diesel,Manual,1493,2023,Black
V1252,Kia,Sonet,Sport,SUV,Diesel,Manual,1493,2024,Grey
V1253,Kia,Sonet,Premium,SUV,Diesel,Manual,1493,2021,Black
V1254,Kia,Sonet,Premium,SUV,Diesel,Manual,1493,2022,Silver
V1255,Kia,Sonet,Premium,SUV,Diesel,Manual,1493,2023,Red
V1256,Kia,Sonet,Premium,SUV,Diesel,Manual,1493,2024,Black
V1257,Kia,Sonet,Limited,SUV,Diesel,Manual,1493,2021,Red
V1258,Kia,Sonet,Limited,SUV,Diesel,Manual,1493,2022,White
V1259,Kia,Sonet,Limited,SUV,Diesel,Manual,1493,2023,Black
V1260,Kia,Sonet,Limited,SUV,Diesel,Manual,1493,2024,Red
V1261,Maruti,Baleno,Base,Hatchback,Petrol,Manual,1197,2019,Blue
V1262,Maruti,Baleno,Base,Hatchback,Petrol,Manual,1197,2020,Black
V1263,Maruti,Baleno,Base,Hatchback,Petrol,Manual,1197,2021,Silver
V1264,Maruti,Baleno,Base,Hatchback,Petrol,Manual,1197,2022,Brown
V1265,Maruti,Baleno,Mid,Hatchback,Petrol,Manual,1197,2019,Brown
V1266,Maruti,Baleno,Mid,Hatchback,Petrol,Manual,1197,2020,Red
V1267,Maruti,Baleno,Mid,Hatchback,Petrol,Manual,1197,2021,Grey
V1268,Maruti,Baleno,Mid,Hatchback,Petrol,Manual,1197,2022,Silver
V1269,Maruti,Baleno,Sport,Hatchback,Petrol,Manual,1197,2019,Red
V1270,Maruti,Baleno,Sport,Hatchback,Petrol,Manual,1197,2020,Red
V1271,Maruti,Baleno,Sport,Hatchback,Petrol,Manual,1197,2021,Silver
V1272,Maruti,Baleno,Sport,Hatchback,Petrol,Manual,1197,2022,White
V1273,Maruti,Baleno,Premium,Hatchback,Petrol,Manual,1197,2019,Black
V1274,Maruti,Baleno,Premium,Hatchback,Petrol,Manual,1197,2020,Brown
V1275,Maruti,Baleno,Premium,Hatchback,Petrol,Manual,1197,2021,Silver
V1276,Maruti,Baleno,Premium,Hatchback,Petrol,Manual,1197,2022,Grey
V1277,Maruti,Baleno,Limited,Hatchback,Petrol,Manual,1197,2019,Grey
V1278,Maruti,Baleno,Limited,Hatchback,Petrol,Manual,1197,2020,Blue
V1279,Maruti,Baleno,Limited,Hatchback,Petrol,Manual,1197,2021,White
V1280,Maruti,Baleno,Limited,Hatchback,Petrol,Manual,1197,2022,White
V1281,Maruti,Swift,Base,Hatchback,Petrol,Manual,1197,2018,Black
V1282,Maruti,Swift,Base,Hatchback,Petrol,Manual,1197,2019,Grey
V1283,Maruti,Swift,Base,Hatchback,Petrol,Manual,1197,2020,Red
V1284,Maruti,Swift,Base,Hatchback,Petrol,Manual,1197,2021,Grey
V1285,Maruti,Swift,Mid,Hatchback,Petrol,Manual,1197,2018,Grey
V1286,Maruti,Swift,Mid,Hatchback,Petrol,Manual,1197,2019,Brown
V1287,Maruti,Swift,Mid,Hatchback,Petrol,Manual,1197,2020,Black
V1288,Maruti,Swift,Mid,Hatchback,Petrol,Manual,1197,2021,Red
V1289,Maruti,Swift,Sport,Hatchback,Petrol,Manual,1197,2018,Grey
V1290,Maruti,Swift,Sport,Hatchback,Petrol,Manual,1197,2019,Grey
V1291,Maruti,Swift,Sport,Hatchback,Petrol,Manual,1197,2020,Blue
V1292,Maruti,Swift,Sport,Hatchback,Petrol,Manual,1197,2021,Black
V1293,Maruti,Swift,Premium,Hatchback,Petrol,Manual,1197,2018,Brown
V1294,Maruti,Swift,Premium,Hatchback,Petrol,Manual,1197,2019,Silver
V1295,Maruti,Swift,Premium,Hatchback,Petrol,Manual,1197,2020,Grey
V1296,Maruti,Swift,Premium,Hatchback,Petrol,Manual,1197,2021,Grey
V1297,Maruti,Swift,Limited,Hatchback,Petrol,Manual,1197,2018,Blue
V1298,Maruti,Swift,Limited,Hatchback,Petrol,Manual,1197,2019,Grey
V1299,Maruti,Swift,Limited,Hatchback,Petrol,Manual,1197,2020,Black
V1300,Maruti,Swift,Limited,Hatchback,Petrol,Manual,1197,2021,White
V1301,Maruti,Brezza,Base,SUV,Petrol,Automatic,1462,2020,Silver
V1302,Maruti,Brezza,Base,SUV,Petrol,Automatic,1462,2021,Blue
V1303,Maruti,Brezza,Base,SUV,Petrol,Automatic,1462,2022,White
V1304,Maruti,Brezza,Base,SUV,Petrol,Automatic,1462,2023,Brown
V1305,Maruti,Brezza,Mid,SUV,Petrol,Automatic,1462,2020,Grey
V1306,Maruti,Brezza,Mid,SUV,Petrol,Automatic,1462,2021,White
V1307,Maruti,Brezza,Mid,SUV,Petrol,Automatic,1462,2022,Silver
V1308,Maruti,Brezza,Mid,SUV,Petrol,Automatic,1462,2023,Grey
V1309,Maruti,Brezza,Sport,SUV,Petrol,Automatic,1462,2020,Silver
V1310,Maruti,Brezza,Sport,SUV,Petrol,Automatic,1462,2021,White
V1311,Maruti,Brezza,Sport,SUV,Petrol,Automatic,1462,2022,Red
V1312,Maruti,Brezza,Sport,SUV,Petrol,Automatic,1462,2023,Red
V1313,Maruti,Brezza,Premium,SUV,Petrol,Automatic,1462,2020,White
V1314,Maruti,Brezza,Premium,SUV,Petrol,Automatic,1462,2021,Black
V1315,Maruti,Brezza,Premium,SUV,Petrol,Automatic,1462,2022,Black
V1316,Maruti,Brezza,Premium,SUV,Petrol,Automatic,1462,2023,Red
V1317,Maruti,Brezza,Limited,SUV,Petrol,Automatic,1462,2020,Blue
V1318,Maruti,Brezza,Limited,SUV,Petrol,Automatic,1462,2021,Blue
V1319,Maruti,Brezza,Limited,SUV,Petrol,Automatic,1462,2022,Brown
V1320,Maruti,Brezza,Limited,SUV,Petrol,Automatic,1462,2023,Blue
V1321,Tata,Nexon,Base,SUV,Petrol,Manual,1199,2019,Silver
V1322,Tata,Nexon,Base,SUV,Petrol,Manual,1199,2020,White
V1323,Tata,Nexon,Base,SUV,Petrol,Manual,1199,2021,Red
V1324,Tata,Nexon,Base,SUV,Petrol,Manual,1199,2022,Brown
V1325,Tata,Nexon,Mid,SUV,Petrol,Manual,1199,2019,Brown
V1326,Tata,Nexon,Mid,SUV,Petrol,Manual,1199,2020,Black
V1327,Tata,Nexon,Mid,SUV,Petrol,Manual,1199,2021,Black
V1328,Tata,Nexon,Mid,SUV,Petrol,Manual,1199,2022,White
V1329,Tata,Nexon,Sport,SUV,Petrol,Manual,1199,2019,White
V1330,Tata,Nexon,Sport,SUV,Petrol,Manual,1199,2020,Grey
V1331,Tata,Nexon,Sport,SUV,Petrol,Manual,1199,2021,Grey
V1332,Tata,Nexon,Sport,SUV,Petrol,Manual,1199,2022,Silver
V1333,Tata,Nexon,Premium,SUV,Petrol,Manual,1199,2019,Silver
V1334,Tata,Nexon,Premium,SUV,Petrol,Manual,1199,2020,Blue
V1335,Tata,Nexon,Premium,SUV,Petrol,Manual,1199,2021,Grey
V1336,Tata,Nexon,Premium,SUV,Petrol,Manual,1199,2022,Blue
V1337,Tata,Nexon,Limited,SUV,Petrol,Manual,1199,2019,Brown
V1338,Tata,Nexon,Limited,SUV,Petrol,Manual,1199,2020,Silver
V1339,Tata,Nexon,Limited,SUV,Petrol,Manual,1199,2021,Black
V1340,Tata,Nexon,Limited,SUV,Petrol,Manual,1199,2022,Brown
V1341,Tata,Harrier,Base,SUV,Diesel,Automatic,1956,2020,Red
V1342,Tata,Harrier,Base,SUV,Diesel,Automatic,1956,2021,Silver
V1343,Tata,Harrier,Base,SUV,Diesel,Automatic,1956,2022,Red
V1344,Tata,Harrier,Base,SUV,Diesel,Automatic,1956,2023,Grey
V1345,Tata,Harrier,Mid,SUV,Diesel,Automatic,1956,2020,Brown
V1346,Tata,Harrier,Mid,SUV,Diesel,Automatic,1956,2021,Black
V1347,Tata,Harrier,Mid,SUV,Diesel,Automatic,1956,2022,Brown
V1348,Tata,Harrier,Mid,SUV,Diesel,Automatic,1956,2023,Brown
V1349,Tata,Harrier,Sport,SUV,Diesel,Automatic,1956,2020,Black
V1350,Tata,Harrier,Sport,SUV,Diesel,Automatic,1956,2021,Black
V1351,Tata,Harrier,Sport,SUV,Diesel,Automatic,1956,2022,Grey
V1352,Tata,Harrier,Sport,SUV,Diesel,Automatic,1956,2023,White
V1353,Tata,Harrier,Premium,SUV,Diesel,Automatic,1956,2020,Silver
V1354,Tata,Harrier,Premium,SUV,Diesel,Automatic,1956,2021,Grey
V1355,Tata,Harrier,Premium,SUV,Diesel,Automatic,1956,2022,Brown
V1356,Tata,Harrier,Premium,SUV,Diesel,Automatic,1956,2023,Brown
V1357,Tata,Harrier,Limited,SUV,Diesel,Automatic,1956,2020,Black
V1358,Tata,Harrier,Limited,SUV,Diesel,Automatic,1956,2021,Brown
V1359,Tata,Harrier,Limited,SUV,Diesel,Automatic,1956,2022,White
V1360,Tata,Harrier,Limited,SUV,Diesel,Automatic,1956,2023,Blue
V1361,Tata,Altroz,Base,Hatchback,Petrol,Manual,1199,2021,Blue
V1362,Tata,Altroz,Base,Hatchback,Petrol,Manual,1199,2022,Brown
V1363,Tata,Altroz,Base,Hatchback,Petrol,Manual,1199,2023,Black
V1364,Tata,Altroz,Base,Hatchback,Petrol,Manual,1199,2024,Brown
V1365,Tata,Altroz,Mid,Hatchback,Petrol,Manual,1199,2021,White
V1366,Tata,Altroz,Mid,Hatchback,Petrol,Manual,1199,2022,Grey
V1367,Tata,Altroz,Mid,Hatchback,Petrol,Manual,1199,2023,Grey
V1368,Tata,Altroz,Mid,Hatchback,Petrol,Manual,1199,2024,Silver
V1369,Tata,Altroz,Sport,Hatchback,Petrol,Manual,1199,2021,White
V1370,Tata,Altroz,Sport,Hatchback,Petrol,Manual,1199,2022,Blue
V1371,Tata,Altroz,Sport,Hatchback,Petrol,Manual,1199,2023,Silver
V1372,Tata,Altroz,Sport,Hatchback,Petrol,Manual,1199,2024,Red
V1373,Tata,Altroz,Premium,Hatchback,Petrol,Manual,1199,2021,Silver
V1374,Tata,Altroz,Premium,Hatchback,Petrol,Manual,1199,2022,Silver
V1375,Tata,Altroz,Premium,Hatchback,Petrol,Manual,1199,2023,Brown
V1376,Tata,Altroz,Premium,Hatchback,Petrol,Manual,1199,2024,White
V1377,Tata,Altroz,Limited,Hatchback,Petrol,Manual,1199,2021,Blue
V1378,Tata,Altroz,Limited,Hatchback,Petrol,Manual,1199,2022,Blue
V1379,Tata,Altroz,Limited,Hatchback,Petrol,Manual,1199,2023,Silver
V1380,Tata,Altroz,Limited,Hatchback,Petrol,Manual,1199,2024,Black
V1381,Mahindra,XUV500,Base,SUV,Diesel,Manual,2179,2018,White
V1382,Mahindra,XUV500,Base,SUV,Diesel,Manual,2179,2019,Brown
V1383,Mahindra,XUV500,Base,SUV,Diesel,Manual,2179,2020,Brown
V1384,Mahindra,XUV500,Base,SUV,Diesel,Manual,2179,2021,Black
V1385,Mahindra,XUV500,Mid,SUV,Diesel,Manual,2179,2018,White
V1386,Mahindra,XUV500,Mid,SUV,Diesel,Manual,2179,2019,White
V1387,Mahindra,XUV500,Mid,SUV,Diesel,Manual,2179,2020,White
V1388,Mahindra,XUV500,Mid,SUV,Diesel,Manual,2179,2021,Blue
V1389,Mahindra,XUV500,Sport,SUV,Diesel,Manual,2179,2018,Brown
V1390,Mahindra,XUV500,Sport,SUV,Diesel,Manual,2179,2019,Black
V1391,Mahindra,XUV500,Sport,SUV,Diesel,Manual,2179,2020,Blue
V1392,Mahindra,XUV500,Sport,SUV,Diesel,Manual,2179,2021,Black
V1393,Mahindra,XUV500,Premium,SUV,Diesel,Manual,2179,2018,Silver
V1394,Mahindra,XUV500,Premium,SUV,Diesel,Manual,2179,2019,Red
V1395,Mahindra,XUV500,Premium,SUV,Diesel,Manual,2179,2020,Blue
V1396,Mahindra,XUV500,Premium,SUV,Diesel,Manual,2179,2021,Brown
V1397,Mahindra,XUV500,Limited,SUV,Diesel,Manual,2179,2018,White
V1398,Mahindra,XUV500,Limited,SUV,Diesel,Manual,2179,2019,Black
V1399,Mahindra,XUV500,Limited,SUV,Diesel,Manual,2179,2020,Black
V1400,Mahindra,XUV500,Limited,SUV,Diesel,Manual,2179,2021,Silver
V1401,Mahindra,Thar,Base,SUV,Diesel,Manual,2184,2020,Brown
V1402,Mahindra,Thar,Base,SUV,Diesel,Manual,2184,2021,Blue
V1403,Mahindra,Thar,Base,SUV,Diesel,Manual,2184,2022,Silver
V1404,Mahindra,Thar,Base,SUV,Diesel,Manual,2184,2023,Brown
V1405,Mahindra,Thar,Mid,SUV,Diesel,Manual,2184,2020,Grey
V1406,Mahindra,Thar,Mid,SUV,Diesel,Manual,2184,2021,Grey
V1407,Mahindra,Thar,Mid,SUV,Diesel,Manual,2184,2022,Grey
V1408,Mahindra,Thar,Mid,SUV,Diesel,Manual,2184,2023,Black
V1409,Mahindra,Thar,Sport,SUV,Diesel,Manual,2184,2020,Brown
V1410,Mahindra,Thar,Sport,SUV,Diesel,Manual,2184,2021,White
V1411,Mahindra,Thar,Sport,SUV,Diesel,Manual,2184,2022,Black
V1412,Mahindra,Thar,Sport,SUV,Diesel,Manual,2184,2023,Black
V1413,Mahindra,Thar,Premium,SUV,Diesel,Manual,2184,2020,Black
V1414,Mahindra,Thar,Premium,SUV,Diesel,Manual,2184,2021,White
V1415,Mahindra,Thar,Premium,SUV,Diesel,Manual,2184,2022,White
V1416,Mahindra,Thar,Premium,SUV,Diesel,Manual,2184,2023,Red
V1417,Mahindra,Thar,Limited,SUV,Diesel,Manual,2184,2020,Brown
V1418,Mahindra,Thar,Limited,SUV,Diesel,Manual,2184,2021,White
V1419,Mahindra,Thar,Limited,SUV,Diesel,Manual,2184,2022,Silver
V1420,Mahindra,Thar,Limited,SUV,Diesel,Manual,2184,2023,Grey
V1421,Volkswagen,Virtus,Base,Sedan,Petrol,Automatic,1498,2021,Brown
V1422,Volkswagen,Virtus,Base,Sedan,Petrol,Automatic,1498,2022,Red
V1423,Volkswagen,Virtus,Base,Sedan,Petrol,Automatic,1498,2023,Blue
V1424,Volkswagen,Virtus,Base,Sedan,Petrol,Automatic,1498,2024,Red
V1425,Volkswagen,Virtus,Mid,Sedan,Petrol,Automatic,1498,2021,Silver
V1426,Volkswagen,Virtus,Mid,Sedan,Petrol,Automatic,1498,2022,Black
V1427,Volkswagen,Virtus,Mid,Sedan,Petrol,Automatic,1498,2023,Brown
V1428,Volkswagen,Virtus,Mid,Sedan,Petrol,Automatic,1498,2024,Blue
V1429,Volkswagen,Virtus,Sport,Sedan,Petrol,Automatic,1498,2021,White
V1430,Volkswagen,Virtus,Sport,Sedan,Petrol,Automatic,1498,2022,Blue
V1431,Volkswagen,Virtus,Sport,Sedan,Petrol,Automatic,1498,2023,White
V1432,Volkswagen,Virtus,Sport,Sedan,Petrol,Automatic,1498,2024,Blue
V1433,Volkswagen,Virtus,Premium,Sedan,Petrol,Automatic,1498,2021,Blue
V1434,Volkswagen,Virtus,Premium,Sedan,Petrol,Automatic,1498,2022,White
V1435,Volkswagen,Virtus,Premium,Sedan,Petrol,Automatic,1498,2023,Grey
V1436,Volkswagen,Virtus,Premium,Sedan,Petrol,Automatic,1498,2024,White
V1437,Volkswagen,Virtus,Limited,Sedan,Petrol,Automatic,1498,2021,Grey
V1438,Volkswagen,Virtus,Limited,Sedan,Petrol,Automatic,1498,2022,Brown
V1439,Volkswagen,Virtus,Limited,Sedan,Petrol,Automatic,1498,2023,White
V1440,Volkswagen,Virtus,Limited,Sedan,Petrol,Automatic,1498,2024,Silver
V1441,Volkswagen,Taigun,Base,SUV,Petrol,Automatic,1498,2020,Brown
V1442,Volkswagen,Taigun,Base,SUV,Petrol,Automatic,1498,2021,Silver
V1443,Volkswagen,Taigun,Base,SUV,Petrol,Automatic,1498,2022,White
V1444,Volkswagen,Taigun,Base,SUV,Petrol,Automatic,1498,2023,Grey
V1445,Volkswagen,Taigun,Mid,SUV,Petrol,Automatic,1498,2020,Grey
V1446,Volkswagen,Taigun,Mid,SUV,Petrol,Automatic,1498,2021,Red
V1447,Volkswagen,Taigun,Mid,SUV,Petrol,Automatic,1498,2022,Silver
V1448,Volkswagen,Taigun,Mid,SUV,Petrol,Automatic,1498,2023,Brown
V1449,Volkswagen,Taigun,Sport,SUV,Petrol,Automatic,1498,2020,Grey
V1450,Volkswagen,Taigun,Sport,SUV,Petrol,Automatic,1498,2021,Silver
V1451,Volkswagen,Taigun,Sport,SUV,Petrol,Automatic,1498,2022,Brown
V1452,Volkswagen,Taigun,Sport,SUV,Petrol,Automatic,1498,2023,Brown
V1453,Volkswagen,Taigun,Premium,SUV,Petrol,Automatic,1498,2020,Grey
V1454,Volkswagen,Taigun,Premium,SUV,Petrol,Automatic,1498,2021,White
V1455,Volkswagen,Taigun,Premium,SUV,Petrol,Automatic,1498,2022,Red
V1456,Volkswagen,Taigun,Premium,SUV,Petrol,Automatic,1498,2023,Grey
V1457,Volkswagen,Taigun,Limited,SUV,Petrol,Automatic,1498,2020,Black
V1458,Volkswagen,Taigun,Limited,SUV,Petrol,Automatic,1498,2021,Red
V1459,Volkswagen,Taigun,Limited,SUV,Petrol,Automatic,1498,2022,Blue
V1460,Volkswagen,Taigun,Limited,SUV,Petrol,Automatic,1498,2023,White
V1461,Skoda,Slavia,Base,Sedan,Petrol,Automatic,1498,2021,Blue
V1462,Skoda,Slavia,Base,Sedan,Petrol,Automatic,1498,2022,White
V1463,Skoda,Slavia,Base,Sedan,Petrol,Automatic,1498,2023,Blue
V1464,Skoda,Slavia,Base,Sedan,Petrol,Automatic,1498,2024,Silver
V1465,Skoda,Slavia,Mid,Sedan,Petrol,Automatic,1498,2021,White
V1466,Skoda,Slavia,Mid,Sedan,Petrol,Automatic,1498,2022,Brown
V1467,Skoda,Slavia,Mid,Sedan,Petrol,Automatic,1498,2023,Black
V1468,Skoda,Slavia,Mid,Sedan,Petrol,Automatic,1498,2024,Red
V1469,Skoda,Slavia,Sport,Sedan,Petrol,Automatic,1498,2021,Black
V1470,Skoda,Slavia,Sport,Sedan,Petrol,Automatic,1498,2022,Brown
V1471,Skoda,Slavia,Sport,Sedan,Petrol,Automatic,1498,2023,Blue
V1472,Skoda,Slavia,Sport,Sedan,Petrol,Automatic,1498,2024,Blue
V1473,Skoda,Slavia,Premium,Sedan,Petrol,Automatic,1498,2021,Grey
V1474,Skoda,Slavia,Premium,Sedan,Petrol,Automatic,1498,2022,Grey
V1475,Skoda,Slavia,Premium,Sedan,Petrol,Automatic,1498,2023,Red
V1476,Skoda,Slavia,Premium,Sedan,Petrol,Automatic,1498,2024,Blue
V1477,Skoda,Slavia,Limited,Sedan,Petrol,Automatic,1498,2021,Blue
V1478,Skoda,Slavia,Limited,Sedan,Petrol,Automatic,1498,2022,White
V1479,Skoda,Slavia,Limited,Sedan,Petrol,Automatic,1498,2023,Red
V1480,Skoda,Slavia,Limited,Sedan,Petrol,Automatic,1498,2024,White
V1481,Skoda,Kushaq,Base,SUV,Petrol,Automatic,1498,2020,Silver
V1482,Skoda,Kushaq,Base,SUV,Petrol,Automatic,1498,2021,Blue
V1483,Skoda,Kushaq,Base,SUV,Petrol,Automatic,1498,2022,Black
V1484,Skoda,Kushaq,Base,SUV,Petrol,Automatic,1498,2023,Blue
V1485,Skoda,Kushaq,Mid,SUV,Petrol,Automatic,1498,2020,Grey
V1486,Skoda,Kushaq,Mid,SUV,Petrol,Automatic,1498,2021,Black
V1487,Skoda,Kushaq,Mid,SUV,Petrol,Automatic,1498,2022,Silver
V1488,Skoda,Kushaq,Mid,SUV,Petrol,Automatic,1498,2023,Grey
V1489,Skoda,Kushaq,Sport,SUV,Petrol,Automatic,1498,2020,Blue
V1490,Skoda,Kushaq,Sport,SUV,Petrol,Automatic,1498,2021,Red
V1491,Skoda,Kushaq,Sport,SUV,Petrol,Automatic,1498,2022,Brown
V1492,Skoda,Kushaq,Sport,SUV,Petrol,Automatic,1498,2023,Brown
V1493,Skoda,Kushaq,Premium,SUV,Petrol,Automatic,1498,2020,Blue
V1494,Skoda,Kushaq,Premium,SUV,Petrol,Automatic,1498,2021,Red
V1495,Skoda,Kushaq,Premium,SUV,Petrol,Automatic,1498,2022,Silver
V1496,Skoda,Kushaq,Premium,SUV,Petrol,Automatic,1498,2023,Silver
V1497,Skoda,Kushaq,Limited,SUV,Petrol,Automatic,1498,2020,White
V1498,Skoda,Kushaq,Limited,SUV,Petrol,Automatic,1498,2021,Silver
V1499,Skoda,Kushaq,Limited,SUV,Petrol,Automatic,1498,2022,Brown
V1500,Skoda,Kushaq,Limited,SUV,Petrol,Automatic,1498,2023,Silver
